experimentId;device_id;motion_tag;userPhoneLocation;timestamp;pressure
windaJazdaPoPietrachPostoje;SM-G935F;Stoi;W rece;1.6166E+12;0
windaJazdaPoPietrachPostoje;SM-G935F;Stoi;W rece;1.6166E+12;992.62476
windaJazdaPoPietrachPostoje;SM-G935F;Stoi;W rece;1.6166E+12;992.61206
windaJazdaPoPietrachPostoje;SM-G935F;Stoi;W rece;1.6166E+12;992.626
windaJazdaPoPietrachPostoje;SM-G935F;Stoi;W rece;1.6166E+12;992.6133
windaJazdaPoPietrachPostoje;SM-G935F;Stoi;W rece;1.6166E+12;992.6328
windaJazdaPoPietrachPostoje;SM-G935F;Stoi;W rece;1.6166E+12;992.6345
windaJazdaPoPietrachPostoje;SM-G935F;Stoi;W rece;1.6166E+12;992.63086
windaJazdaPoPietrachPostoje;SM-G935F;Stoi;W rece;1.6166E+12;992.62573
windaJazdaPoPietrachPostoje;SM-G935F;Stoi;W rece;1.6166E+12;992.61206
windaJazdaPoPietrachPostoje;SM-G935F;Stoi;W rece;1.6166E+12;992.6245
windaJazdaPoPietrachPostoje;SM-G935F;Stoi;W rece;1.6166E+12;992.6223
windaJazdaPoPietrachPostoje;SM-G935F;Stoi;W rece;1.6166E+12;992.6084
windaJazdaPoPietrachPostoje;SM-G935F;Stoi;W rece;1.6166E+12;992.60913
windaJazdaPoPietrachPostoje;SM-G935F;Stoi;W rece;1.6166E+12;992.6228
windaJazdaPoPietrachPostoje;SM-G935F;Stoi;W rece;1.6166E+12;992.64307
windaJazdaPoPietrachPostoje;SM-G935F;Stoi;W rece;1.6166E+12;992.6389
windaJazdaPoPietrachPostoje;SM-G935F;Stoi;W rece;1.6166E+12;992.6499
windaJazdaPoPietrachPostoje;SM-G935F;Stoi;W rece;1.6166E+12;992.6245
windaJazdaPoPietrachPostoje;SM-G935F;Stoi;W rece;1.6166E+12;992.65063
windaJazdaPoPietrachPostoje;SM-G935F;Stoi;W rece;1.6166E+12;992.6616
windaJazdaPoPietrachPostoje;SM-G935F;Stoi;W rece;1.6166E+12;992.6587
windaJazdaPoPietrachPostoje;SM-G935F;Stoi;W rece;1.6166E+12;992.6238
windaJazdaPoPietrachPostoje;SM-G935F;Stoi;W rece;1.6166E+12;992.6277
windaJazdaPoPietrachPostoje;SM-G935F;Stoi;W rece;1.6166E+12;992.6404
windaJazdaPoPietrachPostoje;SM-G935F;Stoi;W rece;1.6166E+12;992.64404
windaJazdaPoPietrachPostoje;SM-G935F;Stoi;W rece;1.6166E+12;992.6155
windaJazdaPoPietrachPostoje;SM-G935F;Stoi;W rece;1.6166E+12;992.62305
windaJazdaPoPietrachPostoje;SM-G935F;Winda/schody ruchome;W rece;1.6166E+12;992.6301
windaJazdaPoPietrachPostoje;SM-G935F;Winda/schody ruchome;W rece;1.6166E+12;992.626
windaJazdaPoPietrachPostoje;SM-G935F;Winda/schody ruchome;W rece;1.6166E+12;992.6008
windaJazdaPoPietrachPostoje;SM-G935F;Winda/schody ruchome;W rece;1.6166E+12;992.51587
windaJazdaPoPietrachPostoje;SM-G935F;Winda/schody ruchome;W rece;1.6166E+12;992.44604
windaJazdaPoPietrachPostoje;SM-G935F;Winda/schody ruchome;W rece;1.6166E+12;992.3955
windaJazdaPoPietrachPostoje;SM-G935F;Winda/schody ruchome;W rece;1.6166E+12;992.35034
windaJazdaPoPietrachPostoje;SM-G935F;Winda/schody ruchome;W rece;1.6166E+12;992.3037
windaJazdaPoPietrachPostoje;SM-G935F;Winda/schody ruchome;W rece;1.6166E+12;992.3169
windaJazdaPoPietrachPostoje;SM-G935F;Winda/schody ruchome;W rece;1.6166E+12;992.27
windaJazdaPoPietrachPostoje;SM-G935F;Winda/schody ruchome;W rece;1.6166E+12;992.2766
windaJazdaPoPietrachPostoje;SM-G935F;Winda/schody ruchome;W rece;1.6166E+12;992.2388
windaJazdaPoPietrachPostoje;SM-G935F;Winda/schody ruchome;W rece;1.6166E+12;992.27954
windaJazdaPoPietrachPostoje;SM-G935F;Winda/schody ruchome;W rece;1.6166E+12;992.2324
windaJazdaPoPietrachPostoje;SM-G935F;Stoi;W rece;1.6166E+12;992.23096
windaJazdaPoPietrachPostoje;SM-G935F;Stoi;W rece;1.6166E+12;992.23315
windaJazdaPoPietrachPostoje;SM-G935F;Stoi;W rece;1.6166E+12;992.2317
windaJazdaPoPietrachPostoje;SM-G935F;Stoi;W rece;1.6166E+12;992.2156
windaJazdaPoPietrachPostoje;SM-G935F;Stoi;W rece;1.6166E+12;992.2363
windaJazdaPoPietrachPostoje;SM-G935F;Stoi;W rece;1.6166E+12;992.21436
windaJazdaPoPietrachPostoje;SM-G935F;Stoi;W rece;1.6166E+12;992.20776
windaJazdaPoPietrachPostoje;SM-G935F;Stoi;W rece;1.6166E+12;992.2366
windaJazdaPoPietrachPostoje;SM-G935F;Stoi;W rece;1.6166E+12;992.23267
windaJazdaPoPietrachPostoje;SM-G935F;Stoi;W rece;1.6166E+12;992.2361
windaJazdaPoPietrachPostoje;SM-G935F;Stoi;W rece;1.6166E+12;992.24805
windaJazdaPoPietrachPostoje;SM-G935F;Stoi;W rece;1.6166E+12;992.21924
windaJazdaPoPietrachPostoje;SM-G935F;Stoi;W rece;1.6166E+12;992.2534
windaJazdaPoPietrachPostoje;SM-G935F;Stoi;W rece;1.6166E+12;992.24976
windaJazdaPoPietrachPostoje;SM-G935F;Stoi;W rece;1.6166E+12;992.2114
windaJazdaPoPietrachPostoje;SM-G935F;Stoi;W rece;1.6166E+12;992.2168
windaJazdaPoPietrachPostoje;SM-G935F;Stoi;W rece;1.6166E+12;992.21436
windaJazdaPoPietrachPostoje;SM-G935F;Stoi;W rece;1.6166E+12;992.19995
windaJazdaPoPietrachPostoje;SM-G935F;Stoi;W rece;1.6166E+12;992.21484
windaJazdaPoPietrachPostoje;SM-G935F;Stoi;W rece;1.6166E+12;992.1924
windaJazdaPoPietrachPostoje;SM-G935F;Stoi;W rece;1.6166E+12;992.22
windaJazdaPoPietrachPostoje;SM-G935F;Stoi;W rece;1.6166E+12;992.2124
windaJazdaPoPietrachPostoje;SM-G935F;Stoi;W rece;1.6166E+12;992.2014
windaJazdaPoPietrachPostoje;SM-G935F;Stoi;W rece;1.6166E+12;992.1914
windaJazdaPoPietrachPostoje;SM-G935F;Stoi;W rece;1.6166E+12;992.19824
windaJazdaPoPietrachPostoje;SM-G935F;Stoi;W rece;1.6166E+12;992.1853
windaJazdaPoPietrachPostoje;SM-G935F;Stoi;W rece;1.6166E+12;992.1804
windaJazdaPoPietrachPostoje;SM-G935F;Stoi;W rece;1.6166E+12;992.2031
windaJazdaPoPietrachPostoje;SM-G935F;Stoi;W rece;1.6166E+12;992.22754
windaJazdaPoPietrachPostoje;SM-G935F;Stoi;W rece;1.6166E+12;992.20776
windaJazdaPoPietrachPostoje;SM-G935F;Stoi;W rece;1.6166E+12;992.228
windaJazdaPoPietrachPostoje;SM-G935F;Stoi;W rece;1.6166E+12;992.2356
windaJazdaPoPietrachPostoje;SM-G935F;Stoi;W rece;1.6166E+12;992.22437
windaJazdaPoPietrachPostoje;SM-G935F;Stoi;W rece;1.6166E+12;992.25586
windaJazdaPoPietrachPostoje;SM-G935F;Stoi;W rece;1.6166E+12;992.2239
windaJazdaPoPietrachPostoje;SM-G935F;Stoi;W rece;1.6166E+12;992.2219
windaJazdaPoPietrachPostoje;SM-G935F;Stoi;W rece;1.6166E+12;992.2107
windaJazdaPoPietrachPostoje;SM-G935F;Stoi;W rece;1.6166E+12;992.2229
windaJazdaPoPietrachPostoje;SM-G935F;Stoi;W rece;1.6166E+12;992.25195
windaJazdaPoPietrachPostoje;SM-G935F;Stoi;W rece;1.6166E+12;992.2378
windaJazdaPoPietrachPostoje;SM-G935F;Stoi;W rece;1.6166E+12;992.21924
windaJazdaPoPietrachPostoje;SM-G935F;Stoi;W rece;1.6166E+12;992.2197
windaJazdaPoPietrachPostoje;SM-G935F;Stoi;W rece;1.6166E+12;992.2495
windaJazdaPoPietrachPostoje;SM-G935F;Stoi;W rece;1.6166E+12;992.2622
windaJazdaPoPietrachPostoje;SM-G935F;Stoi;W rece;1.6166E+12;992.2468
windaJazdaPoPietrachPostoje;SM-G935F;Winda/schody ruchome;W rece;1.6166E+12;992.23364
windaJazdaPoPietrachPostoje;SM-G935F;Winda/schody ruchome;W rece;1.6166E+12;992.24365
windaJazdaPoPietrachPostoje;SM-G935F;Winda/schody ruchome;W rece;1.6166E+12;992.21826
windaJazdaPoPietrachPostoje;SM-G935F;Winda/schody ruchome;W rece;1.6166E+12;992.1494
windaJazdaPoPietrachPostoje;SM-G935F;Winda/schody ruchome;W rece;1.6166E+12;992.08276
windaJazdaPoPietrachPostoje;SM-G935F;Winda/schody ruchome;W rece;1.6166E+12;992.022
windaJazdaPoPietrachPostoje;SM-G935F;Winda/schody ruchome;W rece;1.6166E+12;991.9497
windaJazdaPoPietrachPostoje;SM-G935F;Winda/schody ruchome;W rece;1.6166E+12;991.91626
windaJazdaPoPietrachPostoje;SM-G935F;Winda/schody ruchome;W rece;1.6166E+12;991.8987
windaJazdaPoPietrachPostoje;SM-G935F;Winda/schody ruchome;W rece;1.6166E+12;991.8628
windaJazdaPoPietrachPostoje;SM-G935F;Winda/schody ruchome;W rece;1.6166E+12;991.8352
windaJazdaPoPietrachPostoje;SM-G935F;Winda/schody ruchome;W rece;1.6166E+12;991.8523
windaJazdaPoPietrachPostoje;SM-G935F;Winda/schody ruchome;W rece;1.6166E+12;991.8467
windaJazdaPoPietrachPostoje;SM-G935F;Winda/schody ruchome;W rece;1.6166E+12;991.7908
windaJazdaPoPietrachPostoje;SM-G935F;Stoi;W rece;1.6166E+12;991.8003
windaJazdaPoPietrachPostoje;SM-G935F;Stoi;W rece;1.6166E+12;991.8169
windaJazdaPoPietrachPostoje;SM-G935F;Stoi;W rece;1.6166E+12;991.7898
windaJazdaPoPietrachPostoje;SM-G935F;Stoi;W rece;1.6166E+12;991.79663
windaJazdaPoPietrachPostoje;SM-G935F;Stoi;W rece;1.6166E+12;991.823
windaJazdaPoPietrachPostoje;SM-G935F;Stoi;W rece;1.6166E+12;991.8076
windaJazdaPoPietrachPostoje;SM-G935F;Stoi;W rece;1.6166E+12;991.7954
windaJazdaPoPietrachPostoje;SM-G935F;Stoi;W rece;1.6166E+12;991.80005
windaJazdaPoPietrachPostoje;SM-G935F;Stoi;W rece;1.6166E+12;991.7998
windaJazdaPoPietrachPostoje;SM-G935F;Stoi;W rece;1.6166E+12;991.8013
windaJazdaPoPietrachPostoje;SM-G935F;Stoi;W rece;1.6166E+12;991.7998
windaJazdaPoPietrachPostoje;SM-G935F;Stoi;W rece;1.6166E+12;991.81104
windaJazdaPoPietrachPostoje;SM-G935F;Stoi;W rece;1.6166E+12;991.8115
windaJazdaPoPietrachPostoje;SM-G935F;Stoi;W rece;1.6166E+12;991.8003
windaJazdaPoPietrachPostoje;SM-G935F;Stoi;W rece;1.6166E+12;991.8191
windaJazdaPoPietrachPostoje;SM-G935F;Stoi;W rece;1.6166E+12;991.81665
windaJazdaPoPietrachPostoje;SM-G935F;Stoi;W rece;1.6166E+12;991.8313
windaJazdaPoPietrachPostoje;SM-G935F;Stoi;W rece;1.6166E+12;991.845
windaJazdaPoPietrachPostoje;SM-G935F;Stoi;W rece;1.6166E+12;991.80615
windaJazdaPoPietrachPostoje;SM-G935F;Stoi;W rece;1.6166E+12;991.80347
windaJazdaPoPietrachPostoje;SM-G935F;Stoi;W rece;1.6166E+12;991.8103
windaJazdaPoPietrachPostoje;SM-G935F;Stoi;W rece;1.6166E+12;991.82715
windaJazdaPoPietrachPostoje;SM-G935F;Stoi;W rece;1.6166E+12;991.82715
windaJazdaPoPietrachPostoje;SM-G935F;Stoi;W rece;1.6166E+12;991.8247
windaJazdaPoPietrachPostoje;SM-G935F;Stoi;W rece;1.6166E+12;991.8291
windaJazdaPoPietrachPostoje;SM-G935F;Stoi;W rece;1.6166E+12;991.84106
windaJazdaPoPietrachPostoje;SM-G935F;Stoi;W rece;1.6166E+12;991.8154
windaJazdaPoPietrachPostoje;SM-G935F;Stoi;W rece;1.6166E+12;991.79834
windaJazdaPoPietrachPostoje;SM-G935F;Stoi;W rece;1.6166E+12;991.82886
windaJazdaPoPietrachPostoje;SM-G935F;Stoi;W rece;1.6166E+12;991.82544
windaJazdaPoPietrachPostoje;SM-G935F;Stoi;W rece;1.6166E+12;991.8174
windaJazdaPoPietrachPostoje;SM-G935F;Stoi;W rece;1.6166E+12;991.81323
windaJazdaPoPietrachPostoje;SM-G935F;Stoi;W rece;1.6166E+12;991.8342
windaJazdaPoPietrachPostoje;SM-G935F;Stoi;W rece;1.6166E+12;991.81177
windaJazdaPoPietrachPostoje;SM-G935F;Stoi;W rece;1.6166E+12;991.8264
windaJazdaPoPietrachPostoje;SM-G935F;Stoi;W rece;1.6166E+12;991.79736
windaJazdaPoPietrachPostoje;SM-G935F;Stoi;W rece;1.6166E+12;991.7971
windaJazdaPoPietrachPostoje;SM-G935F;Stoi;W rece;1.6166E+12;991.80054
windaJazdaPoPietrachPostoje;SM-G935F;Stoi;W rece;1.6166E+12;991.80664
windaJazdaPoPietrachPostoje;SM-G935F;Stoi;W rece;1.6166E+12;991.8137
windaJazdaPoPietrachPostoje;SM-G935F;Winda/schody ruchome;W rece;1.6166E+12;991.81934
windaJazdaPoPietrachPostoje;SM-G935F;Winda/schody ruchome;W rece;1.6166E+12;991.8301
windaJazdaPoPietrachPostoje;SM-G935F;Winda/schody ruchome;W rece;1.6166E+12;991.8059
windaJazdaPoPietrachPostoje;SM-G935F;Winda/schody ruchome;W rece;1.6166E+12;991.7859
windaJazdaPoPietrachPostoje;SM-G935F;Winda/schody ruchome;W rece;1.6166E+12;991.6968
windaJazdaPoPietrachPostoje;SM-G935F;Winda/schody ruchome;W rece;1.6166E+12;991.62085
windaJazdaPoPietrachPostoje;SM-G935F;Winda/schody ruchome;W rece;1.6166E+12;991.57104
windaJazdaPoPietrachPostoje;SM-G935F;Winda/schody ruchome;W rece;1.6166E+12;991.51074
windaJazdaPoPietrachPostoje;SM-G935F;Winda/schody ruchome;W rece;1.6166E+12;991.5027
windaJazdaPoPietrachPostoje;SM-G935F;Winda/schody ruchome;W rece;1.6166E+12;991.42554
windaJazdaPoPietrachPostoje;SM-G935F;Winda/schody ruchome;W rece;1.6166E+12;991.40356
windaJazdaPoPietrachPostoje;SM-G935F;Winda/schody ruchome;W rece;1.6166E+12;991.3982
windaJazdaPoPietrachPostoje;SM-G935F;Winda/schody ruchome;W rece;1.6166E+12;991.3789
windaJazdaPoPietrachPostoje;SM-G935F;Winda/schody ruchome;W rece;1.6166E+12;991.4033
windaJazdaPoPietrachPostoje;SM-G935F;Winda/schody ruchome;W rece;1.6166E+12;991.3684
windaJazdaPoPietrachPostoje;SM-G935F;Stoi;W rece;1.6166E+12;991.34546
windaJazdaPoPietrachPostoje;SM-G935F;Stoi;W rece;1.6166E+12;991.3198
windaJazdaPoPietrachPostoje;SM-G935F;Stoi;W rece;1.6166E+12;991.35913
windaJazdaPoPietrachPostoje;SM-G935F;Stoi;W rece;1.6166E+12;991.3694
windaJazdaPoPietrachPostoje;SM-G935F;Stoi;W rece;1.6166E+12;991.3545
windaJazdaPoPietrachPostoje;SM-G935F;Stoi;W rece;1.6166E+12;991.3496
windaJazdaPoPietrachPostoje;SM-G935F;Stoi;W rece;1.6166E+12;991.33716
windaJazdaPoPietrachPostoje;SM-G935F;Stoi;W rece;1.6166E+12;991.34375
windaJazdaPoPietrachPostoje;SM-G935F;Stoi;W rece;1.6166E+12;991.3401
windaJazdaPoPietrachPostoje;SM-G935F;Stoi;W rece;1.6166E+12;991.34814
windaJazdaPoPietrachPostoje;SM-G935F;Stoi;W rece;1.6166E+12;991.3545
windaJazdaPoPietrachPostoje;SM-G935F;Stoi;W rece;1.6166E+12;991.39233
windaJazdaPoPietrachPostoje;SM-G935F;Stoi;W rece;1.6166E+12;991.38135
windaJazdaPoPietrachPostoje;SM-G935F;Stoi;W rece;1.6166E+12;991.3992
windaJazdaPoPietrachPostoje;SM-G935F;Stoi;W rece;1.6166E+12;991.3677
windaJazdaPoPietrachPostoje;SM-G935F;Stoi;W rece;1.6166E+12;991.3396
windaJazdaPoPietrachPostoje;SM-G935F;Stoi;W rece;1.6166E+12;991.3545
windaJazdaPoPietrachPostoje;SM-G935F;Stoi;W rece;1.6166E+12;991.3618
windaJazdaPoPietrachPostoje;SM-G935F;Stoi;W rece;1.6166E+12;991.3572
windaJazdaPoPietrachPostoje;SM-G935F;Stoi;W rece;1.6166E+12;991.37964
windaJazdaPoPietrachPostoje;SM-G935F;Stoi;W rece;1.6166E+12;991.35645
windaJazdaPoPietrachPostoje;SM-G935F;Stoi;W rece;1.6166E+12;991.36084
windaJazdaPoPietrachPostoje;SM-G935F;Stoi;W rece;1.6166E+12;991.3677
windaJazdaPoPietrachPostoje;SM-G935F;Stoi;W rece;1.6166E+12;991.37695
windaJazdaPoPietrachPostoje;SM-G935F;Stoi;W rece;1.6166E+12;991.3589
windaJazdaPoPietrachPostoje;SM-G935F;Stoi;W rece;1.6166E+12;991.3616
windaJazdaPoPietrachPostoje;SM-G935F;Stoi;W rece;1.6166E+12;991.3447
windaJazdaPoPietrachPostoje;SM-G935F;Stoi;W rece;1.6166E+12;991.3125
windaJazdaPoPietrachPostoje;SM-G935F;Stoi;W rece;1.6166E+12;991.3308
windaJazdaPoPietrachPostoje;SM-G935F;Stoi;W rece;1.6166E+12;991.3638
windaJazdaPoPietrachPostoje;SM-G935F;Stoi;W rece;1.6166E+12;991.3804
windaJazdaPoPietrachPostoje;SM-G935F;Stoi;W rece;1.6166E+12;991.36597
windaJazdaPoPietrachPostoje;SM-G935F;Stoi;W rece;1.6166E+12;991.3489
windaJazdaPoPietrachPostoje;SM-G935F;Stoi;W rece;1.6166E+12;991.3384
windaJazdaPoPietrachPostoje;SM-G935F;Stoi;W rece;1.6166E+12;991.3213
windaJazdaPoPietrachPostoje;SM-G935F;Stoi;W rece;1.6166E+12;991.3518
windaJazdaPoPietrachPostoje;SM-G935F;Stoi;W rece;1.6166E+12;991.33887
windaJazdaPoPietrachPostoje;SM-G935F;Stoi;W rece;1.6166E+12;991.3508
windaJazdaPoPietrachPostoje;SM-G935F;Stoi;W rece;1.6166E+12;991.3428
windaJazdaPoPietrachPostoje;SM-G935F;Stoi;W rece;1.6166E+12;991.3552
windaJazdaPoPietrachPostoje;SM-G935F;Stoi;W rece;1.6166E+12;991.35474
windaJazdaPoPietrachPostoje;SM-G935F;Stoi;W rece;1.6166E+12;991.3506
windaJazdaPoPietrachPostoje;SM-G935F;Winda/schody ruchome;W rece;1.6166E+12;991.3152
windaJazdaPoPietrachPostoje;SM-G935F;Winda/schody ruchome;W rece;1.6166E+12;991.3181
windaJazdaPoPietrachPostoje;SM-G935F;Winda/schody ruchome;W rece;1.6166E+12;991.3794
windaJazdaPoPietrachPostoje;SM-G935F;Winda/schody ruchome;W rece;1.6166E+12;991.40283
windaJazdaPoPietrachPostoje;SM-G935F;Winda/schody ruchome;W rece;1.6166E+12;991.4873
windaJazdaPoPietrachPostoje;SM-G935F;Winda/schody ruchome;W rece;1.6166E+12;991.5437
windaJazdaPoPietrachPostoje;SM-G935F;Winda/schody ruchome;W rece;1.6166E+12;991.52563
windaJazdaPoPietrachPostoje;SM-G935F;Winda/schody ruchome;W rece;1.6166E+12;991.6111
windaJazdaPoPietrachPostoje;SM-G935F;Winda/schody ruchome;W rece;1.6166E+12;991.7073
windaJazdaPoPietrachPostoje;SM-G935F;Winda/schody ruchome;W rece;1.6166E+12;991.6919
windaJazdaPoPietrachPostoje;SM-G935F;Winda/schody ruchome;W rece;1.6166E+12;991.66943
windaJazdaPoPietrachPostoje;SM-G935F;Winda/schody ruchome;W rece;1.6166E+12;991.7029
windaJazdaPoPietrachPostoje;SM-G935F;Winda/schody ruchome;W rece;1.6166E+12;991.74414
windaJazdaPoPietrachPostoje;SM-G935F;Winda/schody ruchome;W rece;1.6166E+12;991.74756
windaJazdaPoPietrachPostoje;SM-G935F;Stoi;W rece;1.6166E+12;991.74023
windaJazdaPoPietrachPostoje;SM-G935F;Stoi;W rece;1.6166E+12;991.7346
windaJazdaPoPietrachPostoje;SM-G935F;Stoi;W rece;1.6166E+12;991.77637
windaJazdaPoPietrachPostoje;SM-G935F;Stoi;W rece;1.6166E+12;991.7976
windaJazdaPoPietrachPostoje;SM-G935F;Stoi;W rece;1.6166E+12;991.78906
windaJazdaPoPietrachPostoje;SM-G935F;Stoi;W rece;1.6166E+12;991.7976
windaJazdaPoPietrachPostoje;SM-G935F;Stoi;W rece;1.6166E+12;991.78076
windaJazdaPoPietrachPostoje;SM-G935F;Stoi;W rece;1.6166E+12;991.82324
windaJazdaPoPietrachPostoje;SM-G935F;Stoi;W rece;1.6166E+12;991.79956
windaJazdaPoPietrachPostoje;SM-G935F;Stoi;W rece;1.6166E+12;991.76807
windaJazdaPoPietrachPostoje;SM-G935F;Stoi;W rece;1.6166E+12;991.75903
windaJazdaPoPietrachPostoje;SM-G935F;Stoi;W rece;1.6166E+12;991.79126
windaJazdaPoPietrachPostoje;SM-G935F;Stoi;W rece;1.6166E+12;991.7737
windaJazdaPoPietrachPostoje;SM-G935F;Stoi;W rece;1.6166E+12;991.72876
windaJazdaPoPietrachPostoje;SM-G935F;Stoi;W rece;1.6166E+12;991.80273
windaJazdaPoPietrachPostoje;SM-G935F;Stoi;W rece;1.6166E+12;991.7722
windaJazdaPoPietrachPostoje;SM-G935F;Stoi;W rece;1.6166E+12;991.8096
windaJazdaPoPietrachPostoje;SM-G935F;Stoi;W rece;1.6166E+12;991.8782
windaJazdaPoPietrachPostoje;SM-G935F;Stoi;W rece;1.6166E+12;991.87134
windaJazdaPoPietrachPostoje;SM-G935F;Stoi;W rece;1.6166E+12;991.8926
windaJazdaPoPietrachPostoje;SM-G935F;Stoi;W rece;1.6166E+12;991.8462
windaJazdaPoPietrachPostoje;SM-G935F;Stoi;W rece;1.6166E+12;991.79224
windaJazdaPoPietrachPostoje;SM-G935F;Stoi;W rece;1.6166E+12;991.77783
windaJazdaPoPietrachPostoje;SM-G935F;Stoi;W rece;1.6166E+12;991.8347
windaJazdaPoPietrachPostoje;SM-G935F;Stoi;W rece;1.6166E+12;991.79956
windaJazdaPoPietrachPostoje;SM-G935F;Stoi;W rece;1.6166E+12;991.78296
windaJazdaPoPietrachPostoje;SM-G935F;Stoi;W rece;1.6166E+12;991.77734
windaJazdaPoPietrachPostoje;SM-G935F;Stoi;W rece;1.6166E+12;991.77075
windaJazdaPoPietrachPostoje;SM-G935F;Stoi;W rece;1.6166E+12;991.7908
windaJazdaPoPietrachPostoje;SM-G935F;Stoi;W rece;1.6166E+12;991.78516
windaJazdaPoPietrachPostoje;SM-G935F;Stoi;W rece;1.6166E+12;991.80615
windaJazdaPoPietrachPostoje;SM-G935F;Stoi;W rece;1.6166E+12;991.7986
windaJazdaPoPietrachPostoje;SM-G935F;Stoi;W rece;1.6166E+12;991.8076
windaJazdaPoPietrachPostoje;SM-G935F;Stoi;W rece;1.6166E+12;991.7986
windaJazdaPoPietrachPostoje;SM-G935F;Stoi;W rece;1.6166E+12;991.80005
windaJazdaPoPietrachPostoje;SM-G935F;Stoi;W rece;1.6166E+12;991.8054
windaJazdaPoPietrachPostoje;SM-G935F;Stoi;W rece;1.6166E+12;991.8203
windaJazdaPoPietrachPostoje;SM-G935F;Stoi;W rece;1.6166E+12;991.8218
windaJazdaPoPietrachPostoje;SM-G935F;Stoi;W rece;1.6166E+12;991.82983
windaJazdaPoPietrachPostoje;SM-G935F;Stoi;W rece;1.6166E+12;991.85425
windaJazdaPoPietrachPostoje;SM-G935F;Stoi;W rece;1.6166E+12;991.8345
windaJazdaPoPietrachPostoje;SM-G935F;Stoi;W rece;1.6166E+12;991.83276
windaJazdaPoPietrachPostoje;SM-G935F;Stoi;W rece;1.6166E+12;991.85547
windaJazdaPoPietrachPostoje;SM-G935F;Stoi;W rece;1.6166E+12;991.83374
windaJazdaPoPietrachPostoje;SM-G935F;Stoi;W rece;1.6166E+12;991.83984
windaJazdaPoPietrachPostoje;SM-G935F;Stoi;W rece;1.6166E+12;991.85425
windaJazdaPoPietrachPostoje;SM-G935F;Stoi;W rece;1.6166E+12;991.8496
windaJazdaPoPietrachPostoje;SM-G935F;Stoi;W rece;1.6166E+12;991.85156
windaJazdaPoPietrachPostoje;SM-G935F;Stoi;W rece;1.6166E+12;991.8596
windaJazdaPoPietrachPostoje;SM-G935F;Winda/schody ruchome;W rece;1.6166E+12;991.8396
windaJazdaPoPietrachPostoje;SM-G935F;Winda/schody ruchome;W rece;1.6166E+12;991.843
windaJazdaPoPietrachPostoje;SM-G935F;Winda/schody ruchome;W rece;1.6166E+12;991.85596
windaJazdaPoPietrachPostoje;SM-G935F;Winda/schody ruchome;W rece;1.6166E+12;991.8721
windaJazdaPoPietrachPostoje;SM-G935F;Winda/schody ruchome;W rece;1.6166E+12;991.9165
windaJazdaPoPietrachPostoje;SM-G935F;Winda/schody ruchome;W rece;1.6166E+12;992.01685
windaJazdaPoPietrachPostoje;SM-G935F;Winda/schody ruchome;W rece;1.6166E+12;992.0925
windaJazdaPoPietrachPostoje;SM-G935F;Winda/schody ruchome;W rece;1.6166E+12;992.14404
windaJazdaPoPietrachPostoje;SM-G935F;Winda/schody ruchome;W rece;1.6166E+12;992.2024
windaJazdaPoPietrachPostoje;SM-G935F;Winda/schody ruchome;W rece;1.6166E+12;992.2163
windaJazdaPoPietrachPostoje;SM-G935F;Winda/schody ruchome;W rece;1.6166E+12;992.2002
windaJazdaPoPietrachPostoje;SM-G935F;Winda/schody ruchome;W rece;1.6166E+12;992.2175
windaJazdaPoPietrachPostoje;SM-G935F;Winda/schody ruchome;W rece;1.6166E+12;992.2334
windaJazdaPoPietrachPostoje;SM-G935F;Winda/schody ruchome;W rece;1.6166E+12;992.2434
windaJazdaPoPietrachPostoje;SM-G935F;Stoi;W rece;1.6166E+12;992.25195
windaJazdaPoPietrachPostoje;SM-G935F;Stoi;W rece;1.6166E+12;992.2573
windaJazdaPoPietrachPostoje;SM-G935F;Stoi;W rece;1.6166E+12;992.2449
windaJazdaPoPietrachPostoje;SM-G935F;Stoi;W rece;1.6166E+12;992.2356
windaJazdaPoPietrachPostoje;SM-G935F;Stoi;W rece;1.6166E+12;992.2612
windaJazdaPoPietrachPostoje;SM-G935F;Stoi;W rece;1.6166E+12;992.2495
windaJazdaPoPietrachPostoje;SM-G935F;Stoi;W rece;1.6166E+12;992.2356
windaJazdaPoPietrachPostoje;SM-G935F;Stoi;W rece;1.6166E+12;992.24536
windaJazdaPoPietrachPostoje;SM-G935F;Stoi;W rece;1.6166E+12;992.2722
windaJazdaPoPietrachPostoje;SM-G935F;Stoi;W rece;1.6166E+12;992.23145
windaJazdaPoPietrachPostoje;SM-G935F;Stoi;W rece;1.6166E+12;992.20435
windaJazdaPoPietrachPostoje;SM-G935F;Stoi;W rece;1.6166E+12;992.21655
windaJazdaPoPietrachPostoje;SM-G935F;Stoi;W rece;1.6166E+12;992.22363
windaJazdaPoPietrachPostoje;SM-G935F;Stoi;W rece;1.6166E+12;992.23706
windaJazdaPoPietrachPostoje;SM-G935F;Stoi;W rece;1.6166E+12;992.21533
windaJazdaPoPietrachPostoje;SM-G935F;Stoi;W rece;1.6166E+12;992.21606
windaJazdaPoPietrachPostoje;SM-G935F;Stoi;W rece;1.6166E+12;992.229
windaJazdaPoPietrachPostoje;SM-G935F;Stoi;W rece;1.6166E+12;992.23364
windaJazdaPoPietrachPostoje;SM-G935F;Stoi;W rece;1.6166E+12;992.239
windaJazdaPoPietrachPostoje;SM-G935F;Stoi;W rece;1.6166E+12;992.2644
windaJazdaPoPietrachPostoje;SM-G935F;Stoi;W rece;1.6166E+12;992.2351
windaJazdaPoPietrachPostoje;SM-G935F;Stoi;W rece;1.6166E+12;992.2637
windaJazdaPoPietrachPostoje;SM-G935F;Stoi;W rece;1.6166E+12;992.2639
windaJazdaPoPietrachPostoje;SM-G935F;Stoi;W rece;1.6166E+12;992.22925
windaJazdaPoPietrachPostoje;SM-G935F;Stoi;W rece;1.6166E+12;992.2539
windaJazdaPoPietrachPostoje;SM-G935F;Stoi;W rece;1.6166E+12;992.2554
windaJazdaPoPietrachPostoje;SM-G935F;Stoi;W rece;1.6166E+12;992.25464
windaJazdaPoPietrachPostoje;SM-G935F;Stoi;W rece;1.6166E+12;992.2278
windaJazdaPoPietrachPostoje;SM-G935F;Stoi;W rece;1.6166E+12;992.24316
windaJazdaPoPietrachPostoje;SM-G935F;Stoi;W rece;1.6166E+12;992.23706
windaJazdaPoPietrachPostoje;SM-G935F;Stoi;W rece;1.6166E+12;992.21533
windaJazdaPoPietrachPostoje;SM-G935F;Stoi;W rece;1.6166E+12;992.20874
windaJazdaPoPietrachPostoje;SM-G935F;Stoi;W rece;1.6166E+12;992.2573
windaJazdaPoPietrachPostoje;SM-G935F;Stoi;W rece;1.6166E+12;992.2146
windaJazdaPoPietrachPostoje;SM-G935F;Stoi;W rece;1.6166E+12;992.22534
windaJazdaPoPietrachPostoje;SM-G935F;Stoi;W rece;1.6166E+12;992.2117
windaJazdaPoPietrachPostoje;SM-G935F;Stoi;W rece;1.6166E+12;992.23975
windaJazdaPoPietrachPostoje;SM-G935F;Stoi;W rece;1.6166E+12;992.2334
windaJazdaPoPietrachPostoje;SM-G935F;Stoi;W rece;1.6166E+12;992.19775
windaJazdaPoPietrachPostoje;SM-G935F;Stoi;W rece;1.6166E+12;992.198
windaJazdaPoPietrachPostoje;SM-G935F;Stoi;W rece;1.6166E+12;992.1914
windaJazdaPoPietrachPostoje;SM-G935F;Stoi;W rece;1.6166E+12;992.2251
windaJazdaPoPietrachPostoje;SM-G935F;Stoi;W rece;1.6166E+12;992.2429
windaJazdaPoPietrachPostoje;SM-G935F;Stoi;W rece;1.6166E+12;992.2449
windaJazdaPoPietrachPostoje;SM-G935F;Winda/schody ruchome;W rece;1.6166E+12;992.24316
windaJazdaPoPietrachPostoje;SM-G935F;Winda/schody ruchome;W rece;1.6166E+12;992.2363
windaJazdaPoPietrachPostoje;SM-G935F;Winda/schody ruchome;W rece;1.6166E+12;992.24634
windaJazdaPoPietrachPostoje;SM-G935F;Winda/schody ruchome;W rece;1.6166E+12;992.32153
windaJazdaPoPietrachPostoje;SM-G935F;Winda/schody ruchome;W rece;1.6166E+12;992.3628
windaJazdaPoPietrachPostoje;SM-G935F;Winda/schody ruchome;W rece;1.6166E+12;992.4353
windaJazdaPoPietrachPostoje;SM-G935F;Winda/schody ruchome;W rece;1.6166E+12;992.49854
windaJazdaPoPietrachPostoje;SM-G935F;Winda/schody ruchome;W rece;1.6166E+12;992.5381
windaJazdaPoPietrachPostoje;SM-G935F;Winda/schody ruchome;W rece;1.6166E+12;992.57227
windaJazdaPoPietrachPostoje;SM-G935F;Winda/schody ruchome;W rece;1.6166E+12;992.5818
windaJazdaPoPietrachPostoje;SM-G935F;Winda/schody ruchome;W rece;1.6166E+12;992.60645
windaJazdaPoPietrachPostoje;SM-G935F;Winda/schody ruchome;W rece;1.6166E+12;992.584
windaJazdaPoPietrachPostoje;SM-G935F;Winda/schody ruchome;W rece;1.6166E+12;992.5901
windaJazdaPoPietrachPostoje;SM-G935F;Winda/schody ruchome;W rece;1.6166E+12;992.62036
windaJazdaPoPietrachPostoje;SM-G935F;Stoi;W rece;1.6166E+12;992.6267
windaJazdaPoPietrachPostoje;SM-G935F;Stoi;W rece;1.6166E+12;992.62134
windaJazdaPoPietrachPostoje;SM-G935F;Stoi;W rece;1.6166E+12;992.6304
windaJazdaPoPietrachPostoje;SM-G935F;Stoi;W rece;1.6166E+12;992.62744
windaJazdaPoPietrachPostoje;SM-G935F;Stoi;W rece;1.6166E+12;992.6404
windaJazdaPoPietrachPostoje;SM-G935F;Stoi;W rece;1.6166E+12;992.6345
windaJazdaPoPietrachPostoje;SM-G935F;Stoi;W rece;1.6166E+12;992.6592
windaJazdaPoPietrachPostoje;SM-G935F;Stoi;W rece;1.6166E+12;992.63403
windaJazdaPoPietrachPostoje;SM-G935F;Stoi;W rece;1.6166E+12;992.6404
windaJazdaPoPietrachPostoje;SM-G935F;Stoi;W rece;1.6166E+12;992.6433
windaJazdaPoPietrachPostoje;SM-G935F;Stoi;W rece;1.6166E+12;992.64355
windaJazdaPoPietrachPostoje;SM-G935F;Stoi;W rece;1.6166E+12;992.61914
windaJazdaPoPietrachPostoje;SM-G935F;Stoi;W rece;1.6166E+12;992.67017
windaJazdaPoPietrachPostoje;SM-G935F;Stoi;W rece;1.6166E+12;992.6577
windaJazdaPoPietrachPostoje;SM-G935F;Stoi;W rece;1.6166E+12;992.63574
windaJazdaPoPietrachPostoje;SM-G935F;Stoi;W rece;1.6166E+12;992.6282
windaJazdaPoPietrachPostoje;SM-G935F;Stoi;W rece;1.6166E+12;992.63696
windaJazdaPoPietrachPostoje;SM-G935F;Stoi;W rece;1.6166E+12;992.6279
windaJazdaPoPietrachPostoje;SM-G935F;Stoi;W rece;1.6166E+12;992.61816
windaJazdaPoPietrachPostoje;SM-G935F;Stoi;W rece;1.6166E+12;992.6404
windaJazdaPoPietrachPostoje;SM-G935F;Stoi;W rece;1.6166E+12;992.6616
windaJazdaPoPietrachPostoje;SM-G935F;Stoi;W rece;1.6166E+12;992.6399
windaJazdaPoPietrachPostoje;SM-G935F;Stoi;W rece;1.6166E+12;992.63086
windaJazdaPoPietrachPostoje;SM-G935F;Stoi;W rece;1.6166E+12;992.6138
windaJazdaPoPietrachPostoje;SM-G935F;Stoi;W rece;1.6166E+12;992.646
windaJazdaPoPietrachPostoje;SM-G935F;Stoi;W rece;1.6166E+12;992.6284
chodzeniePoSchodachZpostojamiNaPietrach;SM-G935F;Stoi;W rece;1.61614E+12;987.09985
chodzeniePoSchodachZpostojamiNaPietrach;SM-G935F;Stoi;W rece;1.61614E+12;987.1323
chodzeniePoSchodachZpostojamiNaPietrach;SM-G935F;Stoi;W rece;1.61614E+12;987.13184
chodzeniePoSchodachZpostojamiNaPietrach;SM-G935F;Stoi;W rece;1.61614E+12;987.15576
chodzeniePoSchodachZpostojamiNaPietrach;SM-G935F;Stoi;W rece;1.61614E+12;987.125
chodzeniePoSchodachZpostojamiNaPietrach;SM-G935F;Stoi;W rece;1.61614E+12;987.1172
chodzeniePoSchodachZpostojamiNaPietrach;SM-G935F;Stoi;W rece;1.61614E+12;987.1382
chodzeniePoSchodachZpostojamiNaPietrach;SM-G935F;Stoi;W rece;1.61614E+12;987.1194
chodzeniePoSchodachZpostojamiNaPietrach;SM-G935F;Stoi;W rece;1.61614E+12;987.1035
chodzeniePoSchodachZpostojamiNaPietrach;SM-G935F;Stoi;W rece;1.61614E+12;987.1028
chodzeniePoSchodachZpostojamiNaPietrach;SM-G935F;Stoi;W rece;1.61614E+12;987.0923
chodzeniePoSchodachZpostojamiNaPietrach;SM-G935F;Stoi;W rece;1.61614E+12;987.0969
chodzeniePoSchodachZpostojamiNaPietrach;SM-G935F;Stoi;W rece;1.61614E+12;987.0857
chodzeniePoSchodachZpostojamiNaPietrach;SM-G935F;Stoi;W rece;1.61614E+12;987.1145
chodzeniePoSchodachZpostojamiNaPietrach;SM-G935F;Stoi;W rece;1.61614E+12;987.08276
chodzeniePoSchodachZpostojamiNaPietrach;SM-G935F;Stoi;W rece;1.61614E+12;987.10547
chodzeniePoSchodachZpostojamiNaPietrach;SM-G935F;Stoi;W rece;1.61614E+12;987.0979
chodzeniePoSchodachZpostojamiNaPietrach;SM-G935F;Stoi;W rece;1.61614E+12;987.08276
chodzeniePoSchodachZpostojamiNaPietrach;SM-G935F;Stoi;W rece;1.61614E+12;987.0757
chodzeniePoSchodachZpostojamiNaPietrach;SM-G935F;Stoi;W rece;1.61614E+12;987.0979
chodzeniePoSchodachZpostojamiNaPietrach;SM-G935F;Stoi;W rece;1.61614E+12;987.05835
chodzeniePoSchodachZpostojamiNaPietrach;SM-G935F;Stoi;W rece;1.61614E+12;987.0928
chodzeniePoSchodachZpostojamiNaPietrach;SM-G935F;Stoi;W rece;1.61614E+12;987.1355
chodzeniePoSchodachZpostojamiNaPietrach;SM-G935F;Stoi;W rece;1.61614E+12;987.1245
chodzeniePoSchodachZpostojamiNaPietrach;SM-G935F;Stoi;W rece;1.61614E+12;987.09375
chodzeniePoSchodachZpostojamiNaPietrach;SM-G935F;Stoi;W rece;1.61614E+12;987.1111
chodzeniePoSchodachZpostojamiNaPietrach;SM-G935F;Idzie po schodach;W rece;1.61614E+12;987.11304
chodzeniePoSchodachZpostojamiNaPietrach;SM-G935F;Idzie po schodach;W rece;1.61614E+12;987.1238
chodzeniePoSchodachZpostojamiNaPietrach;SM-G935F;Idzie po schodach;W rece;1.61614E+12;987.11084
chodzeniePoSchodachZpostojamiNaPietrach;SM-G935F;Idzie po schodach;W rece;1.61614E+12;987.0969
chodzeniePoSchodachZpostojamiNaPietrach;SM-G935F;Idzie po schodach;W rece;1.61614E+12;987.0408
chodzeniePoSchodachZpostojamiNaPietrach;SM-G935F;Idzie po schodach;W rece;1.61614E+12;987.0093
chodzeniePoSchodachZpostojamiNaPietrach;SM-G935F;Idzie po schodach;W rece;1.61614E+12;987.0073
chodzeniePoSchodachZpostojamiNaPietrach;SM-G935F;Idzie po schodach;W rece;1.61614E+12;986.94214
chodzeniePoSchodachZpostojamiNaPietrach;SM-G935F;Idzie po schodach;W rece;1.61614E+12;986.928
chodzeniePoSchodachZpostojamiNaPietrach;SM-G935F;Idzie po schodach;W rece;1.61614E+12;986.91064
chodzeniePoSchodachZpostojamiNaPietrach;SM-G935F;Idzie po schodach;W rece;1.61614E+12;986.8601
chodzeniePoSchodachZpostojamiNaPietrach;SM-G935F;Idzie po schodach;W rece;1.61614E+12;986.8511
chodzeniePoSchodachZpostojamiNaPietrach;SM-G935F;Idzie po schodach;W rece;1.61614E+12;986.8264
chodzeniePoSchodachZpostojamiNaPietrach;SM-G935F;Idzie po schodach;W rece;1.61614E+12;986.80273
chodzeniePoSchodachZpostojamiNaPietrach;SM-G935F;Idzie po schodach;W rece;1.61614E+12;986.7676
chodzeniePoSchodachZpostojamiNaPietrach;SM-G935F;Idzie po schodach;W rece;1.61614E+12;986.7256
chodzeniePoSchodachZpostojamiNaPietrach;SM-G935F;Idzie po schodach;W rece;1.61614E+12;986.72485
chodzeniePoSchodachZpostojamiNaPietrach;SM-G935F;Stoi;W rece;1.61614E+12;986.697
chodzeniePoSchodachZpostojamiNaPietrach;SM-G935F;Stoi;W rece;1.61614E+12;986.7224
chodzeniePoSchodachZpostojamiNaPietrach;SM-G935F;Stoi;W rece;1.61614E+12;986.70557
chodzeniePoSchodachZpostojamiNaPietrach;SM-G935F;Stoi;W rece;1.61614E+12;986.6775
chodzeniePoSchodachZpostojamiNaPietrach;SM-G935F;Stoi;W rece;1.61614E+12;986.7041
chodzeniePoSchodachZpostojamiNaPietrach;SM-G935F;Stoi;W rece;1.61614E+12;986.7251
chodzeniePoSchodachZpostojamiNaPietrach;SM-G935F;Stoi;W rece;1.61614E+12;986.7075
chodzeniePoSchodachZpostojamiNaPietrach;SM-G935F;Stoi;W rece;1.61614E+12;986.6846
chodzeniePoSchodachZpostojamiNaPietrach;SM-G935F;Stoi;W rece;1.61614E+12;986.6897
chodzeniePoSchodachZpostojamiNaPietrach;SM-G935F;Stoi;W rece;1.61614E+12;986.71924
chodzeniePoSchodachZpostojamiNaPietrach;SM-G935F;Stoi;W rece;1.61614E+12;986.667
chodzeniePoSchodachZpostojamiNaPietrach;SM-G935F;Stoi;W rece;1.61614E+12;986.6775
chodzeniePoSchodachZpostojamiNaPietrach;SM-G935F;Stoi;W rece;1.61614E+12;986.68506
chodzeniePoSchodachZpostojamiNaPietrach;SM-G935F;Stoi;W rece;1.61614E+12;986.68066
chodzeniePoSchodachZpostojamiNaPietrach;SM-G935F;Stoi;W rece;1.61614E+12;986.72534
chodzeniePoSchodachZpostojamiNaPietrach;SM-G935F;Stoi;W rece;1.61614E+12;986.7522
chodzeniePoSchodachZpostojamiNaPietrach;SM-G935F;Stoi;W rece;1.61614E+12;986.7361
chodzeniePoSchodachZpostojamiNaPietrach;SM-G935F;Stoi;W rece;1.61614E+12;986.72217
chodzeniePoSchodachZpostojamiNaPietrach;SM-G935F;Stoi;W rece;1.61614E+12;986.728
chodzeniePoSchodachZpostojamiNaPietrach;SM-G935F;Stoi;W rece;1.61614E+12;986.7373
chodzeniePoSchodachZpostojamiNaPietrach;SM-G935F;Stoi;W rece;1.61614E+12;986.7141
chodzeniePoSchodachZpostojamiNaPietrach;SM-G935F;Stoi;W rece;1.61614E+12;986.7483
chodzeniePoSchodachZpostojamiNaPietrach;SM-G935F;Stoi;W rece;1.61614E+12;986.74756
chodzeniePoSchodachZpostojamiNaPietrach;SM-G935F;Stoi;W rece;1.61614E+12;986.73755
chodzeniePoSchodachZpostojamiNaPietrach;SM-G935F;Stoi;W rece;1.61614E+12;986.7429
chodzeniePoSchodachZpostojamiNaPietrach;SM-G935F;Stoi;W rece;1.61614E+12;986.75
chodzeniePoSchodachZpostojamiNaPietrach;SM-G935F;Stoi;W rece;1.61614E+12;986.7324
chodzeniePoSchodachZpostojamiNaPietrach;SM-G935F;Stoi;W rece;1.61614E+12;986.7175
chodzeniePoSchodachZpostojamiNaPietrach;SM-G935F;Stoi;W rece;1.61614E+12;986.7012
chodzeniePoSchodachZpostojamiNaPietrach;SM-G935F;Stoi;W rece;1.61614E+12;986.71484
chodzeniePoSchodachZpostojamiNaPietrach;SM-G935F;Stoi;W rece;1.61614E+12;986.73535
chodzeniePoSchodachZpostojamiNaPietrach;SM-G935F;Stoi;W rece;1.61614E+12;986.719
chodzeniePoSchodachZpostojamiNaPietrach;SM-G935F;Stoi;W rece;1.61614E+12;986.7849
chodzeniePoSchodachZpostojamiNaPietrach;SM-G935F;Idzie po schodach;W rece;1.61614E+12;986.8157
chodzeniePoSchodachZpostojamiNaPietrach;SM-G935F;Idzie po schodach;W rece;1.61614E+12;986.81836
chodzeniePoSchodachZpostojamiNaPietrach;SM-G935F;Idzie po schodach;W rece;1.61614E+12;986.7649
chodzeniePoSchodachZpostojamiNaPietrach;SM-G935F;Idzie po schodach;W rece;1.61614E+12;986.6992
chodzeniePoSchodachZpostojamiNaPietrach;SM-G935F;Idzie po schodach;W rece;1.61614E+12;986.6987
chodzeniePoSchodachZpostojamiNaPietrach;SM-G935F;Idzie po schodach;W rece;1.61614E+12;986.66943
chodzeniePoSchodachZpostojamiNaPietrach;SM-G935F;Idzie po schodach;W rece;1.61614E+12;986.667
chodzeniePoSchodachZpostojamiNaPietrach;SM-G935F;Idzie po schodach;W rece;1.61614E+12;986.624
chodzeniePoSchodachZpostojamiNaPietrach;SM-G935F;Idzie po schodach;W rece;1.61614E+12;986.5764
chodzeniePoSchodachZpostojamiNaPietrach;SM-G935F;Idzie po schodach;W rece;1.61614E+12;986.5591
chodzeniePoSchodachZpostojamiNaPietrach;SM-G935F;Idzie po schodach;W rece;1.61614E+12;986.5532
chodzeniePoSchodachZpostojamiNaPietrach;SM-G935F;Idzie po schodach;W rece;1.61614E+12;986.52075
chodzeniePoSchodachZpostojamiNaPietrach;SM-G935F;Idzie po schodach;W rece;1.61614E+12;986.4946
chodzeniePoSchodachZpostojamiNaPietrach;SM-G935F;Idzie po schodach;W rece;1.61614E+12;986.4575
chodzeniePoSchodachZpostojamiNaPietrach;SM-G935F;Idzie po schodach;W rece;1.61614E+12;986.4551
chodzeniePoSchodachZpostojamiNaPietrach;SM-G935F;Idzie po schodach;W rece;1.61614E+12;986.4048
chodzeniePoSchodachZpostojamiNaPietrach;SM-G935F;Idzie po schodach;W rece;1.61614E+12;986.40283
chodzeniePoSchodachZpostojamiNaPietrach;SM-G935F;Idzie po schodach;W rece;1.61614E+12;986.386
chodzeniePoSchodachZpostojamiNaPietrach;SM-G935F;Idzie po schodach;W rece;1.61614E+12;986.3467
chodzeniePoSchodachZpostojamiNaPietrach;SM-G935F;Idzie po schodach;W rece;1.61614E+12;986.3596
chodzeniePoSchodachZpostojamiNaPietrach;SM-G935F;Idzie po schodach;W rece;1.61614E+12;986.3247
chodzeniePoSchodachZpostojamiNaPietrach;SM-G935F;Idzie po schodach;W rece;1.61614E+12;986.3103
chodzeniePoSchodachZpostojamiNaPietrach;SM-G935F;Idzie po schodach;W rece;1.61614E+12;986.2993
chodzeniePoSchodachZpostojamiNaPietrach;SM-G935F;Stoi;W rece;1.61614E+12;986.30835
chodzeniePoSchodachZpostojamiNaPietrach;SM-G935F;Stoi;W rece;1.61614E+12;986.31714
chodzeniePoSchodachZpostojamiNaPietrach;SM-G935F;Stoi;W rece;1.61614E+12;986.323
chodzeniePoSchodachZpostojamiNaPietrach;SM-G935F;Stoi;W rece;1.61614E+12;986.3164
chodzeniePoSchodachZpostojamiNaPietrach;SM-G935F;Stoi;W rece;1.61614E+12;986.3218
chodzeniePoSchodachZpostojamiNaPietrach;SM-G935F;Stoi;W rece;1.61614E+12;986.31836
chodzeniePoSchodachZpostojamiNaPietrach;SM-G935F;Stoi;W rece;1.61614E+12;986.3291
chodzeniePoSchodachZpostojamiNaPietrach;SM-G935F;Stoi;W rece;1.61614E+12;986.3552
chodzeniePoSchodachZpostojamiNaPietrach;SM-G935F;Stoi;W rece;1.61614E+12;986.4226
chodzeniePoSchodachZpostojamiNaPietrach;SM-G935F;Stoi;W rece;1.61614E+12;986.4668
chodzeniePoSchodachZpostojamiNaPietrach;SM-G935F;Stoi;W rece;1.61614E+12;986.45557
chodzeniePoSchodachZpostojamiNaPietrach;SM-G935F;Stoi;W rece;1.61614E+12;986.4109
chodzeniePoSchodachZpostojamiNaPietrach;SM-G935F;Stoi;W rece;1.61614E+12;986.3806
chodzeniePoSchodachZpostojamiNaPietrach;SM-G935F;Stoi;W rece;1.61614E+12;986.29785
chodzeniePoSchodachZpostojamiNaPietrach;SM-G935F;Stoi;W rece;1.61614E+12;986.281
chodzeniePoSchodachZpostojamiNaPietrach;SM-G935F;Stoi;W rece;1.61614E+12;986.32007
chodzeniePoSchodachZpostojamiNaPietrach;SM-G935F;Stoi;W rece;1.61614E+12;986.2969
chodzeniePoSchodachZpostojamiNaPietrach;SM-G935F;Stoi;W rece;1.61614E+12;986.3003
chodzeniePoSchodachZpostojamiNaPietrach;SM-G935F;Stoi;W rece;1.61614E+12;986.3191
chodzeniePoSchodachZpostojamiNaPietrach;SM-G935F;Stoi;W rece;1.61614E+12;986.2993
chodzeniePoSchodachZpostojamiNaPietrach;SM-G935F;Stoi;W rece;1.61614E+12;986.30225
chodzeniePoSchodachZpostojamiNaPietrach;SM-G935F;Stoi;W rece;1.61614E+12;986.31665
chodzeniePoSchodachZpostojamiNaPietrach;SM-G935F;Stoi;W rece;1.61614E+12;986.2805
chodzeniePoSchodachZpostojamiNaPietrach;SM-G935F;Stoi;W rece;1.61614E+12;986.29614
chodzeniePoSchodachZpostojamiNaPietrach;SM-G935F;Stoi;W rece;1.61614E+12;986.3154
chodzeniePoSchodachZpostojamiNaPietrach;SM-G935F;Stoi;W rece;1.61614E+12;986.31836
chodzeniePoSchodachZpostojamiNaPietrach;SM-G935F;Stoi;W rece;1.61614E+12;986.2871
chodzeniePoSchodachZpostojamiNaPietrach;SM-G935F;Stoi;W rece;1.61614E+12;986.2893
chodzeniePoSchodachZpostojamiNaPietrach;SM-G935F;Idzie po schodach;W rece;1.61614E+12;986.2742
chodzeniePoSchodachZpostojamiNaPietrach;SM-G935F;Idzie po schodach;W rece;1.61614E+12;986.28955
chodzeniePoSchodachZpostojamiNaPietrach;SM-G935F;Idzie po schodach;W rece;1.61614E+12;986.3157
chodzeniePoSchodachZpostojamiNaPietrach;SM-G935F;Idzie po schodach;W rece;1.61614E+12;986.31616
chodzeniePoSchodachZpostojamiNaPietrach;SM-G935F;Idzie po schodach;W rece;1.61614E+12;986.2805
chodzeniePoSchodachZpostojamiNaPietrach;SM-G935F;Idzie po schodach;W rece;1.61614E+12;986.219
chodzeniePoSchodachZpostojamiNaPietrach;SM-G935F;Idzie po schodach;W rece;1.61614E+12;986.18994
chodzeniePoSchodachZpostojamiNaPietrach;SM-G935F;Idzie po schodach;W rece;1.61614E+12;986.19604
chodzeniePoSchodachZpostojamiNaPietrach;SM-G935F;Idzie po schodach;W rece;1.61614E+12;986.1333
chodzeniePoSchodachZpostojamiNaPietrach;SM-G935F;Idzie po schodach;W rece;1.61614E+12;986.1228
chodzeniePoSchodachZpostojamiNaPietrach;SM-G935F;Idzie po schodach;W rece;1.61614E+12;986.0884
chodzeniePoSchodachZpostojamiNaPietrach;SM-G935F;Idzie po schodach;W rece;1.61614E+12;986.0449
chodzeniePoSchodachZpostojamiNaPietrach;SM-G935F;Idzie po schodach;W rece;1.61614E+12;986.0325
chodzeniePoSchodachZpostojamiNaPietrach;SM-G935F;Idzie po schodach;W rece;1.61614E+12;986.0388
chodzeniePoSchodachZpostojamiNaPietrach;SM-G935F;Idzie po schodach;W rece;1.61614E+12;985.98267
chodzeniePoSchodachZpostojamiNaPietrach;SM-G935F;Idzie po schodach;W rece;1.61614E+12;985.9487
chodzeniePoSchodachZpostojamiNaPietrach;SM-G935F;Idzie po schodach;W rece;1.61614E+12;985.90356
chodzeniePoSchodachZpostojamiNaPietrach;SM-G935F;Idzie po schodach;W rece;1.61614E+12;985.89746
chodzeniePoSchodachZpostojamiNaPietrach;SM-G935F;Idzie po schodach;W rece;1.61614E+12;985.876
chodzeniePoSchodachZpostojamiNaPietrach;SM-G935F;Idzie po schodach;W rece;1.61614E+12;985.8638
chodzeniePoSchodachZpostojamiNaPietrach;SM-G935F;Stoi;W rece;1.61614E+12;985.88403
chodzeniePoSchodachZpostojamiNaPietrach;SM-G935F;Stoi;W rece;1.61614E+12;985.8721
chodzeniePoSchodachZpostojamiNaPietrach;SM-G935F;Stoi;W rece;1.61614E+12;985.8706
chodzeniePoSchodachZpostojamiNaPietrach;SM-G935F;Stoi;W rece;1.61614E+12;985.86426
chodzeniePoSchodachZpostojamiNaPietrach;SM-G935F;Stoi;W rece;1.61614E+12;985.875
chodzeniePoSchodachZpostojamiNaPietrach;SM-G935F;Stoi;W rece;1.61614E+12;985.88745
chodzeniePoSchodachZpostojamiNaPietrach;SM-G935F;Stoi;W rece;1.61614E+12;985.87915
chodzeniePoSchodachZpostojamiNaPietrach;SM-G935F;Stoi;W rece;1.61614E+12;985.907
chodzeniePoSchodachZpostojamiNaPietrach;SM-G935F;Stoi;W rece;1.61614E+12;985.8967
chodzeniePoSchodachZpostojamiNaPietrach;SM-G935F;Stoi;W rece;1.61614E+12;985.8899
chodzeniePoSchodachZpostojamiNaPietrach;SM-G935F;Stoi;W rece;1.61614E+12;985.9004
chodzeniePoSchodachZpostojamiNaPietrach;SM-G935F;Stoi;W rece;1.61614E+12;985.9148
chodzeniePoSchodachZpostojamiNaPietrach;SM-G935F;Stoi;W rece;1.61614E+12;985.885
chodzeniePoSchodachZpostojamiNaPietrach;SM-G935F;Stoi;W rece;1.61614E+12;985.90967
chodzeniePoSchodachZpostojamiNaPietrach;SM-G935F;Stoi;W rece;1.61614E+12;985.89795
chodzeniePoSchodachZpostojamiNaPietrach;SM-G935F;Stoi;W rece;1.61614E+12;985.8696
chodzeniePoSchodachZpostojamiNaPietrach;SM-G935F;Stoi;W rece;1.61614E+12;985.8843
chodzeniePoSchodachZpostojamiNaPietrach;SM-G935F;Stoi;W rece;1.61614E+12;985.86426
chodzeniePoSchodachZpostojamiNaPietrach;SM-G935F;Stoi;W rece;1.61614E+12;985.89526
chodzeniePoSchodachZpostojamiNaPietrach;SM-G935F;Stoi;W rece;1.61614E+12;985.85693
chodzeniePoSchodachZpostojamiNaPietrach;SM-G935F;Stoi;W rece;1.61614E+12;985.83984
chodzeniePoSchodachZpostojamiNaPietrach;SM-G935F;Stoi;W rece;1.61614E+12;985.8655
chodzeniePoSchodachZpostojamiNaPietrach;SM-G935F;Stoi;W rece;1.61614E+12;985.84155
chodzeniePoSchodachZpostojamiNaPietrach;SM-G935F;Stoi;W rece;1.61614E+12;985.87524
chodzeniePoSchodachZpostojamiNaPietrach;SM-G935F;Stoi;W rece;1.61614E+12;985.89746
chodzeniePoSchodachZpostojamiNaPietrach;SM-G935F;Stoi;W rece;1.61614E+12;985.88696
chodzeniePoSchodachZpostojamiNaPietrach;SM-G935F;Stoi;W rece;1.61614E+12;985.9043
chodzeniePoSchodachZpostojamiNaPietrach;SM-G935F;Stoi;W rece;1.61614E+12;985.9341
chodzeniePoSchodachZpostojamiNaPietrach;SM-G935F;Idzie po schodach;W rece;1.61614E+12;985.8904
chodzeniePoSchodachZpostojamiNaPietrach;SM-G935F;Idzie po schodach;W rece;1.61614E+12;985.88696
chodzeniePoSchodachZpostojamiNaPietrach;SM-G935F;Idzie po schodach;W rece;1.61614E+12;985.88306
chodzeniePoSchodachZpostojamiNaPietrach;SM-G935F;Idzie po schodach;W rece;1.61614E+12;985.9326
chodzeniePoSchodachZpostojamiNaPietrach;SM-G935F;Idzie po schodach;W rece;1.61614E+12;985.95825
chodzeniePoSchodachZpostojamiNaPietrach;SM-G935F;Idzie po schodach;W rece;1.61614E+12;985.9536
chodzeniePoSchodachZpostojamiNaPietrach;SM-G935F;Idzie po schodach;W rece;1.61614E+12;986.0022
chodzeniePoSchodachZpostojamiNaPietrach;SM-G935F;Idzie po schodach;W rece;1.61614E+12;986.00854
chodzeniePoSchodachZpostojamiNaPietrach;SM-G935F;Idzie po schodach;W rece;1.61614E+12;986.0481
chodzeniePoSchodachZpostojamiNaPietrach;SM-G935F;Idzie po schodach;W rece;1.61614E+12;986.0984
chodzeniePoSchodachZpostojamiNaPietrach;SM-G935F;Idzie po schodach;W rece;1.61614E+12;986.1238
chodzeniePoSchodachZpostojamiNaPietrach;SM-G935F;Idzie po schodach;W rece;1.61614E+12;986.1653
chodzeniePoSchodachZpostojamiNaPietrach;SM-G935F;Idzie po schodach;W rece;1.61614E+12;986.1636
chodzeniePoSchodachZpostojamiNaPietrach;SM-G935F;Idzie po schodach;W rece;1.61614E+12;986.1848
chodzeniePoSchodachZpostojamiNaPietrach;SM-G935F;Idzie po schodach;W rece;1.61614E+12;986.2268
chodzeniePoSchodachZpostojamiNaPietrach;SM-G935F;Idzie po schodach;W rece;1.61614E+12;986.25195
chodzeniePoSchodachZpostojamiNaPietrach;SM-G935F;Idzie po schodach;W rece;1.61614E+12;986.2451
chodzeniePoSchodachZpostojamiNaPietrach;SM-G935F;Idzie po schodach;W rece;1.61614E+12;986.2854
chodzeniePoSchodachZpostojamiNaPietrach;SM-G935F;Idzie po schodach;W rece;1.61614E+12;986.2759
chodzeniePoSchodachZpostojamiNaPietrach;SM-G935F;Idzie po schodach;W rece;1.61614E+12;986.2439
chodzeniePoSchodachZpostojamiNaPietrach;SM-G935F;Idzie po schodach;W rece;1.61614E+12;986.2573
chodzeniePoSchodachZpostojamiNaPietrach;SM-G935F;Idzie po schodach;W rece;1.61614E+12;986.3071
chodzeniePoSchodachZpostojamiNaPietrach;SM-G935F;Idzie po schodach;W rece;1.61614E+12;986.2908
chodzeniePoSchodachZpostojamiNaPietrach;SM-G935F;Stoi;W rece;1.61614E+12;986.2986
chodzeniePoSchodachZpostojamiNaPietrach;SM-G935F;Stoi;W rece;1.61614E+12;986.3025
chodzeniePoSchodachZpostojamiNaPietrach;SM-G935F;Stoi;W rece;1.61614E+12;986.30054
chodzeniePoSchodachZpostojamiNaPietrach;SM-G935F;Stoi;W rece;1.61614E+12;986.29834
chodzeniePoSchodachZpostojamiNaPietrach;SM-G935F;Stoi;W rece;1.61614E+12;986.31104
chodzeniePoSchodachZpostojamiNaPietrach;SM-G935F;Stoi;W rece;1.61614E+12;986.3037
chodzeniePoSchodachZpostojamiNaPietrach;SM-G935F;Stoi;W rece;1.61614E+12;986.3081
chodzeniePoSchodachZpostojamiNaPietrach;SM-G935F;Stoi;W rece;1.61614E+12;986.324
chodzeniePoSchodachZpostojamiNaPietrach;SM-G935F;Stoi;W rece;1.61614E+12;986.2854
chodzeniePoSchodachZpostojamiNaPietrach;SM-G935F;Stoi;W rece;1.61614E+12;986.2991
chodzeniePoSchodachZpostojamiNaPietrach;SM-G935F;Stoi;W rece;1.61614E+12;986.3159
chodzeniePoSchodachZpostojamiNaPietrach;SM-G935F;Stoi;W rece;1.61614E+12;986.3152
chodzeniePoSchodachZpostojamiNaPietrach;SM-G935F;Stoi;W rece;1.61614E+12;986.3013
chodzeniePoSchodachZpostojamiNaPietrach;SM-G935F;Stoi;W rece;1.61614E+12;986.3364
chodzeniePoSchodachZpostojamiNaPietrach;SM-G935F;Stoi;W rece;1.61614E+12;986.343
chodzeniePoSchodachZpostojamiNaPietrach;SM-G935F;Stoi;W rece;1.61614E+12;986.3252
chodzeniePoSchodachZpostojamiNaPietrach;SM-G935F;Stoi;W rece;1.61614E+12;986.3086
chodzeniePoSchodachZpostojamiNaPietrach;SM-G935F;Stoi;W rece;1.61614E+12;986.3235
chodzeniePoSchodachZpostojamiNaPietrach;SM-G935F;Stoi;W rece;1.61614E+12;986.3181
chodzeniePoSchodachZpostojamiNaPietrach;SM-G935F;Stoi;W rece;1.61614E+12;986.3086
chodzeniePoSchodachZpostojamiNaPietrach;SM-G935F;Stoi;W rece;1.61614E+12;986.3113
chodzeniePoSchodachZpostojamiNaPietrach;SM-G935F;Stoi;W rece;1.61614E+12;986.29517
chodzeniePoSchodachZpostojamiNaPietrach;SM-G935F;Stoi;W rece;1.61614E+12;986.32983
chodzeniePoSchodachZpostojamiNaPietrach;SM-G935F;Stoi;W rece;1.61614E+12;986.3054
chodzeniePoSchodachZpostojamiNaPietrach;SM-G935F;Stoi;W rece;1.61614E+12;986.2937
chodzeniePoSchodachZpostojamiNaPietrach;SM-G935F;Stoi;W rece;1.61614E+12;986.2959
chodzeniePoSchodachZpostojamiNaPietrach;SM-G935F;Idzie po schodach;W rece;1.61614E+12;986.2932
chodzeniePoSchodachZpostojamiNaPietrach;SM-G935F;Idzie po schodach;W rece;1.61614E+12;986.28
chodzeniePoSchodachZpostojamiNaPietrach;SM-G935F;Idzie po schodach;W rece;1.61614E+12;986.2588
chodzeniePoSchodachZpostojamiNaPietrach;SM-G935F;Idzie po schodach;W rece;1.61614E+12;986.30493
chodzeniePoSchodachZpostojamiNaPietrach;SM-G935F;Idzie po schodach;W rece;1.61614E+12;986.34863
chodzeniePoSchodachZpostojamiNaPietrach;SM-G935F;Idzie po schodach;W rece;1.61614E+12;986.39404
chodzeniePoSchodachZpostojamiNaPietrach;SM-G935F;Idzie po schodach;W rece;1.61614E+12;986.4431
chodzeniePoSchodachZpostojamiNaPietrach;SM-G935F;Idzie po schodach;W rece;1.61614E+12;986.4385
chodzeniePoSchodachZpostojamiNaPietrach;SM-G935F;Idzie po schodach;W rece;1.61614E+12;986.4536
chodzeniePoSchodachZpostojamiNaPietrach;SM-G935F;Idzie po schodach;W rece;1.61614E+12;986.50195
chodzeniePoSchodachZpostojamiNaPietrach;SM-G935F;Idzie po schodach;W rece;1.61614E+12;986.5056
chodzeniePoSchodachZpostojamiNaPietrach;SM-G935F;Idzie po schodach;W rece;1.61614E+12;986.5596
chodzeniePoSchodachZpostojamiNaPietrach;SM-G935F;Idzie po schodach;W rece;1.61614E+12;986.5691
chodzeniePoSchodachZpostojamiNaPietrach;SM-G935F;Idzie po schodach;W rece;1.61614E+12;986.5586
chodzeniePoSchodachZpostojamiNaPietrach;SM-G935F;Idzie po schodach;W rece;1.61614E+12;986.605
chodzeniePoSchodachZpostojamiNaPietrach;SM-G935F;Idzie po schodach;W rece;1.61614E+12;986.6404
chodzeniePoSchodachZpostojamiNaPietrach;SM-G935F;Idzie po schodach;W rece;1.61614E+12;986.6909
chodzeniePoSchodachZpostojamiNaPietrach;SM-G935F;Idzie po schodach;W rece;1.61614E+12;986.7156
chodzeniePoSchodachZpostojamiNaPietrach;SM-G935F;Idzie po schodach;W rece;1.61614E+12;986.7212
chodzeniePoSchodachZpostojamiNaPietrach;SM-G935F;Idzie po schodach;W rece;1.61614E+12;986.69775
chodzeniePoSchodachZpostojamiNaPietrach;SM-G935F;Stoi;W rece;1.61614E+12;986.7175
chodzeniePoSchodachZpostojamiNaPietrach;SM-G935F;Stoi;W rece;1.61614E+12;986.74316
chodzeniePoSchodachZpostojamiNaPietrach;SM-G935F;Stoi;W rece;1.61614E+12;986.7283
chodzeniePoSchodachZpostojamiNaPietrach;SM-G935F;Stoi;W rece;1.61614E+12;986.7173
chodzeniePoSchodachZpostojamiNaPietrach;SM-G935F;Stoi;W rece;1.61614E+12;986.7178
chodzeniePoSchodachZpostojamiNaPietrach;SM-G935F;Stoi;W rece;1.61614E+12;986.72925
chodzeniePoSchodachZpostojamiNaPietrach;SM-G935F;Stoi;W rece;1.61614E+12;986.7097
chodzeniePoSchodachZpostojamiNaPietrach;SM-G935F;Stoi;W rece;1.61614E+12;986.728
chodzeniePoSchodachZpostojamiNaPietrach;SM-G935F;Stoi;W rece;1.61614E+12;986.7217
chodzeniePoSchodachZpostojamiNaPietrach;SM-G935F;Stoi;W rece;1.61614E+12;986.7063
chodzeniePoSchodachZpostojamiNaPietrach;SM-G935F;Stoi;W rece;1.61614E+12;986.70557
chodzeniePoSchodachZpostojamiNaPietrach;SM-G935F;Stoi;W rece;1.61614E+12;986.7024
chodzeniePoSchodachZpostojamiNaPietrach;SM-G935F;Stoi;W rece;1.61614E+12;986.72705
chodzeniePoSchodachZpostojamiNaPietrach;SM-G935F;Stoi;W rece;1.61614E+12;986.71606
chodzeniePoSchodachZpostojamiNaPietrach;SM-G935F;Stoi;W rece;1.61614E+12;986.7185
chodzeniePoSchodachZpostojamiNaPietrach;SM-G935F;Stoi;W rece;1.61614E+12;986.74146
chodzeniePoSchodachZpostojamiNaPietrach;SM-G935F;Stoi;W rece;1.61614E+12;986.7285
chodzeniePoSchodachZpostojamiNaPietrach;SM-G935F;Stoi;W rece;1.61614E+12;986.6831
chodzeniePoSchodachZpostojamiNaPietrach;SM-G935F;Stoi;W rece;1.61614E+12;986.6736
chodzeniePoSchodachZpostojamiNaPietrach;SM-G935F;Stoi;W rece;1.61614E+12;986.72046
chodzeniePoSchodachZpostojamiNaPietrach;SM-G935F;Stoi;W rece;1.61614E+12;986.6997
chodzeniePoSchodachZpostojamiNaPietrach;SM-G935F;Stoi;W rece;1.61614E+12;986.7095
chodzeniePoSchodachZpostojamiNaPietrach;SM-G935F;Stoi;W rece;1.61614E+12;986.6704
chodzeniePoSchodachZpostojamiNaPietrach;SM-G935F;Stoi;W rece;1.61614E+12;986.7002
chodzeniePoSchodachZpostojamiNaPietrach;SM-G935F;Stoi;W rece;1.61614E+12;986.68604
chodzeniePoSchodachZpostojamiNaPietrach;SM-G935F;Stoi;W rece;1.61614E+12;986.73047
chodzeniePoSchodachZpostojamiNaPietrach;SM-G935F;Stoi;W rece;1.61614E+12;986.7742
chodzeniePoSchodachZpostojamiNaPietrach;SM-G935F;Stoi;W rece;1.61614E+12;986.77856
chodzeniePoSchodachZpostojamiNaPietrach;SM-G935F;Stoi;W rece;1.61614E+12;986.77026
chodzeniePoSchodachZpostojamiNaPietrach;SM-G935F;Stoi;W rece;1.61614E+12;986.7285
chodzeniePoSchodachZpostojamiNaPietrach;SM-G935F;Stoi;W rece;1.61614E+12;986.68555
chodzeniePoSchodachZpostojamiNaPietrach;SM-G935F;Stoi;W rece;1.61614E+12;986.6863
chodzeniePoSchodachZpostojamiNaPietrach;SM-G935F;Stoi;W rece;1.61614E+12;986.68115
chodzeniePoSchodachZpostojamiNaPietrach;SM-G935F;Idzie po schodach;W rece;1.61614E+12;986.6765
chodzeniePoSchodachZpostojamiNaPietrach;SM-G935F;Idzie po schodach;W rece;1.61614E+12;986.6731
chodzeniePoSchodachZpostojamiNaPietrach;SM-G935F;Idzie po schodach;W rece;1.61614E+12;986.6846
chodzeniePoSchodachZpostojamiNaPietrach;SM-G935F;Idzie po schodach;W rece;1.61614E+12;986.71533
chodzeniePoSchodachZpostojamiNaPietrach;SM-G935F;Idzie po schodach;W rece;1.61614E+12;986.80786
chodzeniePoSchodachZpostojamiNaPietrach;SM-G935F;Idzie po schodach;W rece;1.61614E+12;986.7905
chodzeniePoSchodachZpostojamiNaPietrach;SM-G935F;Idzie po schodach;W rece;1.61614E+12;986.8071
chodzeniePoSchodachZpostojamiNaPietrach;SM-G935F;Idzie po schodach;W rece;1.61614E+12;986.8623
chodzeniePoSchodachZpostojamiNaPietrach;SM-G935F;Idzie po schodach;W rece;1.61614E+12;986.88135
chodzeniePoSchodachZpostojamiNaPietrach;SM-G935F;Idzie po schodach;W rece;1.61614E+12;986.90137
chodzeniePoSchodachZpostojamiNaPietrach;SM-G935F;Idzie po schodach;W rece;1.61614E+12;986.9617
chodzeniePoSchodachZpostojamiNaPietrach;SM-G935F;Idzie po schodach;W rece;1.61614E+12;986.98413
chodzeniePoSchodachZpostojamiNaPietrach;SM-G935F;Idzie po schodach;W rece;1.61614E+12;986.98315
chodzeniePoSchodachZpostojamiNaPietrach;SM-G935F;Idzie po schodach;W rece;1.61614E+12;986.98486
chodzeniePoSchodachZpostojamiNaPietrach;SM-G935F;Idzie po schodach;W rece;1.61614E+12;987.0405
chodzeniePoSchodachZpostojamiNaPietrach;SM-G935F;Idzie po schodach;W rece;1.61614E+12;987.063
chodzeniePoSchodachZpostojamiNaPietrach;SM-G935F;Idzie po schodach;W rece;1.61614E+12;987.0669
chodzeniePoSchodachZpostojamiNaPietrach;SM-G935F;Idzie po schodach;W rece;1.61614E+12;987.10693
chodzeniePoSchodachZpostojamiNaPietrach;SM-G935F;Idzie po schodach;W rece;1.61614E+12;987.0991
chodzeniePoSchodachZpostojamiNaPietrach;SM-G935F;Idzie po schodach;W rece;1.61614E+12;987.1238
chodzeniePoSchodachZpostojamiNaPietrach;SM-G935F;Stoi;W rece;1.61614E+12;987.1377
chodzeniePoSchodachZpostojamiNaPietrach;SM-G935F;Stoi;W rece;1.61614E+12;987.0957
chodzeniePoSchodachZpostojamiNaPietrach;SM-G935F;Stoi;W rece;1.61614E+12;987.10034
chodzeniePoSchodachZpostojamiNaPietrach;SM-G935F;Stoi;W rece;1.61614E+12;987.06934
chodzeniePoSchodachZpostojamiNaPietrach;SM-G935F;Stoi;W rece;1.61614E+12;987.11597
chodzeniePoSchodachZpostojamiNaPietrach;SM-G935F;Stoi;W rece;1.61614E+12;987.11865
chodzeniePoSchodachZpostojamiNaPietrach;SM-G935F;Stoi;W rece;1.61614E+12;987.1206
chodzeniePoSchodachZpostojamiNaPietrach;SM-G935F;Stoi;W rece;1.61614E+12;987.1216
chodzeniePoSchodachZpostojamiNaPietrach;SM-G935F;Stoi;W rece;1.61614E+12;987.12524
chodzeniePoSchodachZpostojamiNaPietrach;SM-G935F;Stoi;W rece;1.61614E+12;987.13306
chodzeniePoSchodachZpostojamiNaPietrach;SM-G935F;Stoi;W rece;1.61614E+12;987.11694
chodzeniePoSchodachZpostojamiNaPietrach;SM-G935F;Stoi;W rece;1.61614E+12;987.12476
chodzeniePoSchodachZpostojamiNaPietrach;SM-G935F;Stoi;W rece;1.61614E+12;987.1311
chodzeniePoSchodachZpostojamiNaPietrach;SM-G935F;Stoi;W rece;1.61614E+12;987.12134
chodzeniePoSchodachZpostojamiNaPietrach;SM-G935F;Stoi;W rece;1.61614E+12;987.1199
chodzeniePoSchodachZpostojamiNaPietrach;SM-G935F;Stoi;W rece;1.61614E+12;987.13574
chodzeniePoSchodachZpostojamiNaPietrach;SM-G935F;Stoi;W rece;1.61614E+12;987.11475
chodzeniePoSchodachZpostojamiNaPietrach;SM-G935F;Stoi;W rece;1.61614E+12;987.1177
chodzeniePoSchodachZpostojamiNaPietrach;SM-G935F;Stoi;W rece;1.61614E+12;987.09814
chodzeniePoSchodachZpostojamiNaPietrach;SM-G935F;Stoi;W rece;1.61614E+12;987.0923
chodzeniePoSchodachZpostojamiNaPietrach;SM-G935F;Stoi;W rece;1.61614E+12;987.1216
chodzeniePoSchodachZpostojamiNaPietrach;SM-G935F;Stoi;W rece;1.61614E+12;987.1067
chodzeniePoSchodachZpostojamiNaPietrach;SM-G935F;Stoi;W rece;1.61614E+12;987.08325
chodzeniePoSchodachZpostojamiNaPietrach;SM-G935F;Stoi;W rece;1.61614E+12;987.1033
chodzeniePoSchodachZpostojamiNaPietrach;SM-G935F;Stoi;W rece;1.61614E+12;987.1084
chodzeniePoSchodachZpostojamiNaPietrach;SM-G935F;Stoi;W rece;1.61614E+12;987.1167
chodzeniePoSchodachZpostojamiNaPietrach;SM-G935F;Stoi;W rece;1.61614E+12;987.1179
chodzeniePoSchodachZpostojamiNaPietrach;SM-G935F;Stoi;W rece;1.61614E+12;987.09717
chodzeniePoSchodachZpostojamiNaPietrach;SM-G935F;Stoi;W rece;1.61614E+12;987.1094
chodzeniePoSchodachZpostojamiNaPietrach;SM-G935F;Stoi;W rece;1.61614E+12;987.0886
chodzeniePoSchodachZpostojamiNaPietrach;SM-G935F;Stoi;W rece;1.61614E+12;987.0913
